"","distance_ 67042","distance_ 67243","distance_ 67708","distance_ 68851","distance_ 68926","distance_ 69016","distance_ 69100","distance_ 69139","distance_ 69169","distance_ 69241","distance_ 69247","distance_ 69637","distance_ 69670","distance_ 69739","distance_ 69745","distance_ 69859","distance_ 70552"
"1",35,32.77777778,43.88888889,54.44444444,41.11111111,33.88888889,51.11111111,47.22222222,59.44444444,70,30,43.33333333,50,23.88888889,73.88888889,53.88888889,33.33333333
"2",50,36.11111111,69.44444444,57.22222222,67.77777778,47.22222222,71.66666667,67.22222222,72.77777778,51.11111111,73.88888889,56.11111111,68.33333333,72.22222222,22.77777778,37.22222222,55.55555556
"3",43.33333333,38.88888889,69.44444444,49.44444444,72.77777778,52.22222222,23.88888889,40.55555556,22.77777778,26.66666667,22.22222222,57.77777778,47.77777778,45.55555556,31.66666667,59.44444444,31.11111111
"4",65,26.66666667,32.22222222,69.44444444,48.88888889,48.33333333,58.33333333,75,40.55555556,45,43.88888889,54.44444444,32.22222222,65.55555556,29.44444444,23.88888889,40.55555556
"5",72.77777778,48.88888889,69.44444444,21.66666667,71.66666667,65,31.66666667,63.33333333,57.22222222,53.33333333,62.22222222,65,68.88888889,58.88888889,65.55555556,59.44444444,25.55555556
"6",74.44444444,58.88888889,48.88888889,74.44444444,21.66666667,26.66666667,54.44444444,26.66666667,68.88888889,53.88888889,35.55555556,43.33333333,23.88888889,48.88888889,36.66666667,73.88888889,31.11111111
"7",41.11111111,61.66666667,58.33333333,33.33333333,66.11111111,50.55555556,70.55555556,58.33333333,40.55555556,32.77777778,66.66666667,30.55555556,38.88888889,73.33333333,37.22222222,53.88888889,32.22222222
"8",63.88888889,44.44444444,30,68.33333333,45.55555556,32.22222222,28.33333333,42.22222222,65,25.55555556,36.11111111,51.11111111,71.11111111,27.22222222,47.22222222,46.66666667,31.11111111
"9",26.66666667,38.88888889,23.88888889,20,27.22222222,62.77777778,44.44444444,38.33333333,49.44444444,48.88888889,66.11111111,67.77777778,39.44444444,65.55555556,41.11111111,29.44444444,59.44444444
"10",47.22222222,75,34.44444444,42.22222222,26.11111111,33.88888889,22.77777778,23.33333333,68.88888889,68.33333333,32.22222222,46.66666667,31.66666667,45.55555556,25.55555556,55,52.22222222
"11",51.11111111,70.55555556,51.11111111,47.77777778,50,47.77777778,40.55555556,70.55555556,35.55555556,37.22222222,32.77777778,45,70.55555556,53.33333333,49.44444444,41.11111111,32.22222222
"12",75,37.22222222,57.22222222,47.77777778,35.55555556,25.55555556,74.44444444,48.88888889,20.55555556,30,66.66666667,56.11111111,26.66666667,72.22222222,61.11111111,38.88888889,58.88888889
"13",47.77777778,25,47.22222222,61.11111111,58.33333333,25.55555556,73.33333333,34.44444444,20,37.22222222,20.55555556,51.11111111,34.44444444,32.22222222,71.11111111,67.77777778,25
"14",32.22222222,34.44444444,61.11111111,60,40,43.88888889,70.55555556,29.44444444,55.55555556,56.66666667,71.11111111,52.77777778,61.66666667,42.22222222,23.33333333,61.11111111,40.55555556
"15",35.55555556,41.11111111,37.77777778,43.33333333,22.77777778,35,27.77777778,65,56.11111111,64.44444444,30.55555556,62.77777778,55.55555556,50.55555556,53.88888889,33.33333333,70
"16",56.66666667,57.77777778,51.66666667,73.33333333,26.11111111,61.11111111,47.77777778,63.88888889,27.22222222,61.66666667,43.33333333,47.77777778,72.22222222,32.22222222,75,51.11111111,58.88888889
"17",25,47.77777778,75,62.22222222,23.88888889,63.88888889,41.66666667,39.44444444,70,27.22222222,65.55555556,55.55555556,60.55555556,59.44444444,64.44444444,32.22222222,66.66666667
"18",30.55555556,51.66666667,65,30,62.77777778,67.22222222,31.11111111,38.88888889,38.88888889,45.55555556,60,55,56.66666667,22.22222222,42.77777778,46.66666667,46.11111111
"19",28.33333333,35.55555556,25.55555556,70.55555556,27.77777778,30,48.88888889,33.33333333,53.33333333,22.77777778,35,40.55555556,52.77777778,38.33333333,26.66666667,22.77777778,58.33333333
"20",35,73.88888889,20,64.44444444,42.22222222,52.77777778,46.66666667,21.11111111,21.11111111,37.22222222,64.44444444,40.55555556,37.77777778,68.33333333,55,25.55555556,26.66666667
"21",20,58.33333333,58.33333333,51.11111111,46.11111111,49.44444444,55,54.44444444,50.55555556,73.88888889,59.44444444,60.55555556,71.11111111,26.66666667,36.11111111,69.44444444,30
"22",23.33333333,61.11111111,49.44444444,60,57.77777778,67.22222222,70,42.77777778,39.44444444,67.77777778,51.11111111,27.77777778,47.22222222,22.77777778,29.44444444,61.66666667,72.77777778
"23",66.11111111,24.44444444,23.33333333,74.44444444,49.44444444,26.11111111,62.22222222,38.33333333,23.88888889,55,41.66666667,32.77777778,46.11111111,32.22222222,38.33333333,32.77777778,36.66666667
"24",27.77777778,26.11111111,31.66666667,55.55555556,23.33333333,35,24.44444444,65.55555556,41.66666667,69.44444444,36.11111111,28.88888889,52.77777778,42.77777778,72.77777778,42.22222222,33.88888889
"25",45,51.66666667,38.88888889,39.44444444,23.88888889,57.77777778,21.11111111,33.88888889,53.33333333,24.44444444,72.77777778,67.22222222,20.55555556,51.11111111,31.66666667,40,45
"26",26.66666667,41.11111111,64.44444444,72.77777778,37.77777778,47.77777778,72.77777778,35,74.44444444,45,30,39.44444444,60,50,27.77777778,26.66666667,70.55555556
"27",28.33333333,67.77777778,25,54.44444444,31.11111111,36.11111111,50.55555556,40,46.66666667,36.11111111,48.88888889,69.44444444,66.66666667,55,20.55555556,61.11111111,39.44444444
"28",55,26.11111111,41.11111111,70.55555556,57.22222222,48.33333333,52.22222222,51.66666667,40.55555556,57.22222222,31.11111111,40,46.66666667,34.44444444,42.22222222,26.11111111,31.66666667
"29",36.66666667,74.44444444,73.33333333,53.88888889,21.66666667,46.66666667,28.33333333,41.11111111,57.77777778,66.11111111,52.22222222,41.11111111,23.33333333,26.11111111,27.77777778,46.66666667,52.22222222
"30",57.22222222,37.22222222,27.22222222,27.22222222,63.88888889,38.88888889,75,62.77777778,56.11111111,30,25,32.77777778,23.33333333,38.88888889,57.22222222,39.44444444,22.77777778
"31",46.11111111,27.77777778,60,30,58.33333333,22.77777778,50,24.44444444,66.11111111,53.88888889,66.11111111,20,46.66666667,73.33333333,30,65,25
"32",33.88888889,42.77777778,66.11111111,52.22222222,27.77777778,28.88888889,49.44444444,20.55555556,41.11111111,73.88888889,74.44444444,39.44444444,29.44444444,25.55555556,55.55555556,45,71.11111111
"33",43.33333333,36.11111111,36.11111111,64.44444444,69.44444444,20,62.22222222,62.22222222,57.77777778,51.66666667,47.22222222,72.77777778,45,30,30.55555556,25,23.33333333
"34",30,72.77777778,51.11111111,30.55555556,25,68.88888889,73.33333333,65.55555556,57.22222222,49.44444444,25,49.44444444,28.88888889,67.22222222,71.66666667,21.11111111,57.77777778
"35",68.88888889,35,65.55555556,37.22222222,72.22222222,45,66.11111111,57.77777778,21.11111111,39.44444444,31.11111111,68.88888889,62.77777778,33.88888889,58.33333333,56.11111111,28.88888889
"36",52.22222222,68.33333333,27.22222222,61.66666667,25.55555556,21.66666667,32.77777778,71.11111111,46.66666667,73.88888889,66.11111111,47.22222222,64.44444444,70.55555556,55,38.88888889,70.55555556
"37",27.77777778,70.55555556,60,47.22222222,53.33333333,21.66666667,34.44444444,56.11111111,73.88888889,46.11111111,26.66666667,22.77777778,61.11111111,75,56.11111111,51.66666667,47.22222222
"38",63.33333333,72.77777778,28.88888889,66.66666667,61.11111111,70.55555556,59.44444444,60.55555556,32.77777778,54.44444444,46.11111111,51.11111111,42.22222222,46.11111111,63.88888889,23.33333333,61.66666667
"39",39.44444444,63.33333333,26.11111111,56.11111111,46.66666667,68.33333333,55,20.55555556,43.33333333,46.11111111,57.22222222,73.33333333,66.66666667,27.22222222,52.77777778,45,31.66666667
"40",27.22222222,66.66666667,67.77777778,41.11111111,29.44444444,75,59.44444444,23.88888889,33.33333333,46.11111111,62.77777778,63.88888889,45.55555556,75,35,22.22222222,52.22222222
"41",54.44444444,32.22222222,69.44444444,72.77777778,55.55555556,46.66666667,30,54.44444444,61.66666667,29.44444444,40.55555556,47.22222222,34.44444444,61.11111111,72.77777778,32.77777778,32.22222222
"42",30,44.44444444,35.55555556,43.33333333,65,22.22222222,75,26.66666667,41.11111111,72.22222222,59.44444444,61.66666667,41.66666667,28.33333333,33.33333333,65,45.55555556
"43",35.55555556,63.33333333,75,61.11111111,22.22222222,33.33333333,67.77777778,31.66666667,32.22222222,62.22222222,54.44444444,37.22222222,23.33333333,62.22222222,61.66666667,54.44444444,62.77777778
"44",57.77777778,32.77777778,25,75,22.77777778,30.55555556,24.44444444,60.55555556,64.44444444,41.11111111,33.33333333,38.33333333,69.44444444,64.44444444,45,63.88888889,60
"45",50,37.22222222,51.11111111,32.22222222,65,38.33333333,29.44444444,29.44444444,65,55,71.11111111,49.44444444,64.44444444,29.44444444,70,51.66666667,30.55555556
"46",44.44444444,47.22222222,37.22222222,65.55555556,48.33333333,42.22222222,29.44444444,32.22222222,51.66666667,33.88888889,31.66666667,51.66666667,60,22.22222222,52.22222222,57.77777778,28.88888889
"47",58.33333333,63.33333333,35,67.22222222,56.66666667,72.77777778,60.55555556,20.55555556,26.66666667,63.88888889,67.77777778,62.77777778,55,37.77777778,67.77777778,55,63.88888889
"48",36.66666667,30.55555556,53.88888889,51.66666667,72.77777778,33.88888889,55.55555556,49.44444444,31.11111111,74.44444444,51.11111111,52.22222222,33.88888889,26.11111111,52.22222222,22.22222222,21.66666667
"49",37.77777778,66.66666667,62.22222222,38.88888889,44.44444444,62.22222222,22.22222222,31.66666667,59.44444444,50,66.66666667,31.11111111,53.88888889,31.11111111,29.44444444,41.66666667,35.55555556
"50",41.66666667,38.88888889,61.66666667,63.33333333,65,52.22222222,60.55555556,34.44444444,61.11111111,28.88888889,60.55555556,72.77777778,29.44444444,55.55555556,20.55555556,72.22222222,39.44444444
"51",25,70,20,41.66666667,63.33333333,28.88888889,74.44444444,66.11111111,51.11111111,66.11111111,38.88888889,50,28.88888889,44.44444444,31.66666667,56.11111111,22.77777778
"52",47.22222222,35.55555556,38.33333333,40,42.77777778,72.77777778,45,29.44444444,54.44444444,72.22222222,42.77777778,30.55555556,27.22222222,43.33333333,62.77777778,62.22222222,42.77777778
"53",73.33333333,42.77777778,36.66666667,37.77777778,60,45.55555556,74.44444444,61.11111111,46.66666667,41.66666667,28.88888889,65.55555556,52.77777778,66.11111111,53.88888889,48.88888889,74.44444444
"54",21.11111111,20,27.77777778,60.55555556,47.77777778,58.88888889,71.66666667,28.88888889,50.55555556,63.88888889,36.66666667,28.33333333,25,41.66666667,65.55555556,74.44444444,20
"55",73.88888889,62.77777778,61.11111111,43.88888889,31.11111111,21.66666667,65.55555556,48.33333333,40.55555556,32.77777778,30.55555556,37.77777778,70,22.77777778,74.44444444,62.22222222,66.11111111
"56",21.11111111,41.11111111,42.77777778,48.33333333,57.22222222,20,33.33333333,25,75,23.88888889,75,31.11111111,49.44444444,74.44444444,51.11111111,52.22222222,73.88888889
"57",43.33333333,41.11111111,67.77777778,61.11111111,57.22222222,53.88888889,62.22222222,42.22222222,25,52.77777778,23.33333333,63.33333333,71.66666667,38.88888889,36.66666667,68.88888889,51.66666667
"58",27.22222222,72.22222222,60.55555556,61.11111111,25,28.33333333,51.66666667,26.66666667,45,71.66666667,72.77777778,22.77777778,25.55555556,47.22222222,24.44444444,69.44444444,48.88888889
"59",46.66666667,40.55555556,55,48.33333333,29.44444444,27.22222222,41.11111111,52.22222222,56.11111111,41.66666667,46.66666667,56.11111111,50.55555556,40,67.22222222,42.77777778,68.88888889
"60",32.77777778,53.88888889,46.11111111,63.88888889,26.11111111,58.33333333,74.44444444,45,30,46.11111111,55,48.33333333,58.88888889,72.77777778,62.22222222,51.66666667,56.66666667
"61",41.11111111,21.66666667,52.77777778,39.44444444,34.44444444,66.11111111,21.66666667,21.66666667,66.66666667,31.11111111,25.55555556,42.22222222,44.44444444,62.22222222,31.66666667,66.66666667,57.22222222
"62",31.11111111,61.11111111,28.33333333,23.33333333,65,31.11111111,26.66666667,23.33333333,70.55555556,27.22222222,36.66666667,47.22222222,41.11111111,40,66.11111111,27.77777778,38.33333333
"63",50.55555556,58.33333333,68.33333333,24.44444444,32.77777778,43.33333333,35,33.88888889,21.66666667,47.77777778,43.88888889,74.44444444,48.88888889,22.22222222,48.88888889,70.55555556,41.66666667
"64",58.33333333,58.33333333,53.33333333,73.88888889,50,37.22222222,31.66666667,50,66.66666667,55.55555556,45.55555556,24.44444444,50,61.66666667,26.66666667,60.55555556,57.77777778
"65",21.66666667,63.33333333,57.22222222,71.11111111,67.77777778,58.33333333,62.22222222,40,36.66666667,42.22222222,22.77777778,40,36.11111111,48.33333333,57.22222222,24.44444444,33.88888889
"66",63.88888889,59.44444444,67.77777778,67.22222222,58.88888889,34.44444444,52.77777778,27.22222222,63.88888889,22.22222222,62.22222222,57.22222222,73.88888889,25,68.33333333,61.11111111,48.33333333
"67",50.55555556,23.33333333,62.77777778,21.66666667,70.55555556,60,36.11111111,75,53.88888889,38.33333333,52.22222222,68.33333333,57.77777778,56.66666667,67.22222222,62.77777778,36.66666667
"68",35.55555556,57.77777778,26.66666667,65,71.66666667,26.66666667,43.88888889,66.66666667,44.44444444,43.33333333,20,47.77777778,58.33333333,66.66666667,21.11111111,71.11111111,74.44444444
"69",20,71.11111111,70.55555556,47.22222222,49.44444444,38.33333333,38.33333333,41.66666667,22.77777778,22.77777778,23.88888889,72.77777778,71.66666667,38.88888889,39.44444444,42.22222222,66.66666667
"70",45,26.66666667,61.66666667,50.55555556,33.88888889,60.55555556,64.44444444,45,43.33333333,47.77777778,23.33333333,51.66666667,61.66666667,39.44444444,22.22222222,50.55555556,21.66666667
"71",22.22222222,73.88888889,41.66666667,58.33333333,57.77777778,38.33333333,46.66666667,33.33333333,67.22222222,56.66666667,30,56.11111111,29.44444444,27.22222222,33.33333333,70.55555556,62.77777778
"72",26.11111111,71.66666667,71.11111111,38.88888889,34.44444444,72.77777778,69.44444444,56.66666667,51.11111111,67.77777778,21.11111111,48.33333333,28.33333333,33.33333333,46.66666667,28.88888889,44.44444444
"73",43.88888889,25,34.44444444,20.55555556,68.88888889,65,38.88888889,46.11111111,52.77777778,33.88888889,72.22222222,52.22222222,71.11111111,61.66666667,30.55555556,39.44444444,74.44444444
"74",24.44444444,23.33333333,71.66666667,37.77777778,52.22222222,36.66666667,60.55555556,68.33333333,38.33333333,39.44444444,32.77777778,42.77777778,37.22222222,50,28.88888889,68.33333333,41.66666667
"75",74.44444444,37.77777778,36.66666667,73.88888889,28.33333333,54.44444444,47.77777778,41.66666667,33.88888889,22.22222222,30,30.55555556,28.33333333,53.33333333,28.33333333,60,33.33333333
"76",44.44444444,57.22222222,59.44444444,47.22222222,71.11111111,69.44444444,35.55555556,25,69.44444444,44.44444444,25,49.44444444,67.77777778,25.55555556,42.77777778,47.77777778,56.11111111
"77",60.55555556,53.33333333,48.88888889,33.88888889,71.66666667,26.66666667,42.22222222,39.44444444,50.55555556,55.55555556,24.44444444,61.11111111,56.11111111,37.22222222,36.11111111,27.77777778,30
"78",40.55555556,56.66666667,56.66666667,30,74.44444444,22.77777778,25,50.55555556,52.22222222,33.33333333,31.11111111,47.22222222,62.77777778,20.55555556,24.44444444,47.77777778,67.22222222
"79",36.66666667,22.22222222,46.11111111,22.77777778,30,27.22222222,53.33333333,28.33333333,75,41.66666667,58.33333333,65,34.44444444,31.66666667,73.33333333,74.44444444,48.88888889
"80",45.55555556,68.88888889,66.11111111,45,39.44444444,50,48.88888889,62.22222222,21.11111111,56.11111111,66.66666667,46.11111111,71.66666667,61.66666667,56.66666667,71.11111111,27.77777778
"81",44.44444444,42.22222222,53.88888889,56.66666667,26.66666667,46.11111111,38.33333333,66.66666667,51.11111111,57.77777778,23.33333333,62.77777778,59.44444444,46.11111111,32.22222222,68.33333333,45
"82",66.11111111,32.22222222,62.77777778,60.55555556,21.11111111,38.33333333,30,29.44444444,72.22222222,28.88888889,33.88888889,25.55555556,30,53.88888889,33.33333333,61.66666667,61.11111111
"83",63.88888889,39.44444444,40.55555556,58.88888889,20,38.33333333,55,35,24.44444444,49.44444444,23.33333333,25.55555556,38.88888889,74.44444444,71.11111111,28.33333333,61.11111111
"84",47.22222222,27.77777778,62.77777778,42.77777778,69.44444444,47.77777778,45,37.77777778,63.88888889,32.22222222,46.66666667,32.22222222,25.55555556,73.88888889,59.44444444,57.77777778,27.22222222
"85",31.11111111,69.44444444,22.77777778,42.77777778,75,58.33333333,46.66666667,56.66666667,40.55555556,23.33333333,75,56.66666667,33.33333333,70,60,47.22222222,57.77777778
"86",41.66666667,21.66666667,71.11111111,21.11111111,41.11111111,44.44444444,46.11111111,58.88888889,25.55555556,57.77777778,21.11111111,65.55555556,55.55555556,66.66666667,65.55555556,65,34.44444444
"87",63.33333333,38.88888889,47.77777778,21.66666667,20,65,34.44444444,48.33333333,41.11111111,31.11111111,47.22222222,71.66666667,22.22222222,63.33333333,63.88888889,20.55555556,51.11111111
"88",47.22222222,45,49.44444444,53.33333333,31.66666667,67.22222222,41.66666667,68.33333333,55,30.55555556,72.77777778,35,41.11111111,45,57.22222222,32.22222222,61.66666667
"89",42.22222222,22.22222222,27.22222222,25.55555556,67.22222222,46.66666667,30.55555556,64.44444444,62.22222222,67.77777778,55,66.11111111,61.11111111,51.11111111,60.55555556,53.88888889,32.22222222
"90",65,41.66666667,75,24.44444444,38.33333333,40.55555556,56.11111111,51.11111111,20.55555556,52.22222222,69.44444444,65.55555556,66.11111111,68.88888889,65,48.88888889,60
"91",68.33333333,22.77777778,56.66666667,75,35.55555556,22.77777778,43.33333333,42.22222222,35,35,42.22222222,26.66666667,25,60.55555556,66.66666667,73.33333333,75
"92",62.77777778,61.11111111,50,62.22222222,51.66666667,38.33333333,35.55555556,26.66666667,32.77777778,71.11111111,23.88888889,46.66666667,61.11111111,49.44444444,45.55555556,33.88888889,34.44444444
"93",43.33333333,55,39.44444444,40,45.55555556,63.33333333,62.77777778,53.33333333,40,24.44444444,53.88888889,68.88888889,65,56.11111111,73.88888889,58.88888889,73.33333333
"94",70.55555556,26.11111111,58.33333333,69.44444444,58.33333333,35,68.88888889,44.44444444,21.11111111,60.55555556,65.55555556,46.66666667,20,36.66666667,27.22222222,37.22222222,31.66666667
"95",30.55555556,62.77777778,57.22222222,27.22222222,66.66666667,29.44444444,36.11111111,39.44444444,35,60.55555556,55,31.11111111,25,70,48.88888889,38.33333333,72.77777778
"96",33.88888889,55.55555556,68.33333333,22.22222222,54.44444444,72.22222222,72.77777778,21.11111111,23.88888889,46.11111111,62.22222222,37.22222222,38.88888889,47.22222222,33.33333333,46.11111111,45.55555556
"97",23.88888889,52.22222222,55.55555556,26.66666667,55,57.22222222,29.44444444,33.33333333,71.66666667,72.77777778,60,45.55555556,38.33333333,38.33333333,73.88888889,53.88888889,21.66666667
"98",57.77777778,20.55555556,29.44444444,69.44444444,70.55555556,56.11111111,31.11111111,71.11111111,51.11111111,42.22222222,46.11111111,25.55555556,47.22222222,49.44444444,52.77777778,70.55555556,42.22222222
"99",60.55555556,51.66666667,31.66666667,44.44444444,57.22222222,50.55555556,66.66666667,65,36.66666667,67.22222222,40,66.11111111,67.22222222,43.33333333,73.33333333,48.33333333,63.33333333
"100",26.11111111,36.66666667,74.44444444,51.11111111,42.22222222,70.55555556,50.55555556,41.66666667,33.88888889,32.77777778,48.33333333,38.88888889,38.88888889,45.55555556,61.11111111,57.22222222,64.44444444
"101",72.22222222,51.66666667,72.22222222,52.77777778,51.66666667,46.66666667,64.44444444,41.66666667,46.66666667,22.22222222,26.66666667,66.11111111,72.77777778,26.66666667,43.33333333,22.77777778,68.88888889
"102",32.22222222,45.55555556,38.88888889,36.11111111,69.44444444,36.66666667,45.55555556,23.33333333,72.77777778,65,46.11111111,63.88888889,64.44444444,45.55555556,57.77777778,28.88888889,47.77777778
"103",38.33333333,52.77777778,73.88888889,56.66666667,22.77777778,75,58.33333333,20.55555556,60,51.66666667,70.55555556,39.44444444,61.11111111,42.77777778,74.44444444,30.55555556,35.55555556
"104",74.44444444,33.88888889,57.22222222,38.88888889,43.88888889,50.55555556,47.22222222,21.11111111,40.55555556,47.77777778,54.44444444,57.77777778,63.33333333,45,43.33333333,48.88888889,62.77777778
"105",70,65.55555556,23.88888889,55,28.33333333,43.88888889,59.44444444,47.22222222,75,33.88888889,68.33333333,36.66666667,60,43.88888889,30.55555556,57.77777778,45.55555556
"106",30,46.11111111,51.11111111,21.11111111,62.77777778,62.77777778,58.33333333,21.66666667,56.11111111,53.33333333,71.11111111,60,37.22222222,34.44444444,40,43.33333333,53.33333333
"107",67.22222222,71.66666667,34.44444444,42.22222222,72.22222222,38.88888889,48.33333333,37.22222222,50,63.33333333,32.22222222,53.33333333,51.66666667,71.11111111,50,28.33333333,32.22222222
"108",23.88888889,41.66666667,40,60.55555556,30.55555556,21.11111111,65,38.88888889,31.66666667,66.11111111,61.11111111,33.33333333,36.11111111,51.66666667,50.55555556,72.77777778,53.88888889
"109",21.11111111,30,36.11111111,22.22222222,42.22222222,66.11111111,40.55555556,27.77777778,71.66666667,27.22222222,43.33333333,62.77777778,57.77777778,22.77777778,48.33333333,59.44444444,23.33333333
"110",45.55555556,26.66666667,35.55555556,55.55555556,46.11111111,42.22222222,56.11111111,41.11111111,65,43.88888889,61.11111111,49.44444444,42.77777778,54.44444444,22.77777778,44.44444444,62.77777778
"111",54.44444444,58.33333333,43.33333333,55.55555556,66.11111111,64.44444444,36.11111111,65,68.33333333,24.44444444,52.22222222,28.88888889,49.44444444,45,40.55555556,49.44444444,33.88888889
"112",27.77777778,60,32.77777778,72.77777778,67.22222222,25,22.77777778,45,24.44444444,41.66666667,53.33333333,27.77777778,30.55555556,54.44444444,45.55555556,66.11111111,21.66666667
"113",44.44444444,34.44444444,28.33333333,55.55555556,55.55555556,75,42.22222222,25.55555556,28.33333333,45,28.88888889,62.22222222,30.55555556,47.77777778,45.55555556,25,52.22222222
"114",30,56.66666667,37.77777778,70,49.44444444,48.33333333,38.88888889,71.66666667,57.22222222,60,75,43.88888889,62.77777778,27.22222222,32.22222222,27.22222222,50
"115",31.11111111,32.22222222,23.88888889,39.44444444,37.77777778,51.66666667,46.11111111,30,50,53.88888889,72.77777778,51.11111111,48.88888889,39.44444444,66.11111111,35.55555556,41.66666667
"116",62.22222222,26.66666667,58.88888889,25,30.55555556,64.44444444,60,26.11111111,27.22222222,62.22222222,29.44444444,60.55555556,32.22222222,47.22222222,26.11111111,29.44444444,38.88888889
"117",58.33333333,22.22222222,46.11111111,63.33333333,33.88888889,32.22222222,65.55555556,23.88888889,22.22222222,39.44444444,47.22222222,31.11111111,67.22222222,20,21.11111111,36.11111111,57.77777778
"118",41.11111111,65,50,73.88888889,39.44444444,21.66666667,55.55555556,46.11111111,37.22222222,41.11111111,20.55555556,34.44444444,56.11111111,65.55555556,35.55555556,30,62.77777778
"119",25,38.33333333,28.33333333,45,33.88888889,50,63.88888889,21.11111111,25.55555556,28.88888889,31.11111111,30.55555556,27.22222222,30.55555556,71.11111111,36.11111111,55
"120",41.66666667,70.55555556,53.33333333,67.22222222,34.44444444,67.22222222,73.33333333,48.33333333,40,32.22222222,30.55555556,47.22222222,26.66666667,71.66666667,32.77777778,35,67.77777778
"121",37.77777778,75,21.66666667,70,22.77777778,31.11111111,51.11111111,56.11111111,39.44444444,28.33333333,46.66666667,57.77777778,50.55555556,53.88888889,26.66666667,54.44444444,58.88888889
"122",50.55555556,56.66666667,66.66666667,60.55555556,61.66666667,32.22222222,55.55555556,66.66666667,35.55555556,58.33333333,66.66666667,61.11111111,42.77777778,56.11111111,31.66666667,53.88888889,50.55555556
"123",31.66666667,47.22222222,20.55555556,52.22222222,30,61.66666667,67.77777778,49.44444444,53.88888889,57.77777778,67.77777778,42.77777778,37.77777778,24.44444444,60.55555556,57.22222222,62.77777778
"124",36.11111111,45,66.66666667,47.77777778,46.11111111,71.66666667,49.44444444,48.88888889,39.44444444,57.22222222,41.11111111,56.11111111,32.77777778,22.22222222,23.88888889,61.66666667,64.44444444
"125",67.77777778,42.77777778,25.55555556,36.66666667,43.88888889,28.33333333,37.22222222,64.44444444,31.11111111,57.22222222,35.55555556,43.33333333,67.22222222,46.11111111,55,61.66666667,52.77777778
"126",39.44444444,65,45.55555556,33.88888889,53.88888889,48.33333333,38.33333333,57.22222222,73.88888889,31.66666667,27.77777778,60,58.88888889,73.88888889,37.77777778,26.11111111,34.44444444
"127",47.77777778,33.33333333,75,63.33333333,65,22.22222222,68.33333333,37.22222222,75,56.66666667,70,37.22222222,31.66666667,31.11111111,44.44444444,27.77777778,35.55555556
"128",71.66666667,48.88888889,54.44444444,51.66666667,33.88888889,72.77777778,42.77777778,40.55555556,41.11111111,31.66666667,72.22222222,58.88888889,46.11111111,65,32.22222222,62.22222222,41.11111111
"129",44.44444444,53.33333333,60.55555556,57.22222222,71.11111111,40.55555556,33.33333333,33.33333333,24.44444444,63.33333333,32.77777778,46.66666667,43.88888889,34.44444444,56.66666667,42.77777778,69.44444444
"130",46.66666667,44.44444444,22.77777778,41.66666667,22.22222222,23.88888889,41.66666667,20,46.11111111,27.22222222,72.22222222,40.55555556,57.22222222,36.11111111,71.66666667,71.11111111,30
"131",57.22222222,50.55555556,56.11111111,35,27.77777778,56.11111111,51.66666667,22.22222222,35.55555556,34.44444444,24.44444444,21.66666667,28.88888889,52.22222222,37.22222222,75,54.44444444
"132",43.33333333,23.33333333,46.66666667,75,41.66666667,70.55555556,21.66666667,64.44444444,64.44444444,41.66666667,33.33333333,57.22222222,42.22222222,39.44444444,23.88888889,56.11111111,65
"133",27.22222222,40.55555556,46.11111111,36.11111111,53.88888889,47.77777778,45,45,60.55555556,21.11111111,62.77777778,65,23.88888889,40.55555556,40.55555556,27.77777778,25.55555556
"134",22.77777778,57.22222222,34.44444444,37.77777778,61.11111111,45.55555556,48.33333333,53.88888889,43.88888889,22.22222222,70,43.88888889,30,26.66666667,25,34.44444444,50
"135",20.55555556,58.33333333,61.66666667,47.77777778,30,43.33333333,43.88888889,48.33333333,27.77777778,41.11111111,47.22222222,48.88888889,46.11111111,50.55555556,31.11111111,30,49.44444444
"136",58.33333333,34.44444444,50,46.11111111,27.77777778,48.88888889,70,74.44444444,47.77777778,38.88888889,52.22222222,47.77777778,51.66666667,71.11111111,73.33333333,45,36.66666667
"137",48.33333333,21.66666667,32.77777778,58.33333333,28.33333333,75,58.33333333,70,71.11111111,41.11111111,55.55555556,57.77777778,22.22222222,46.66666667,22.77777778,31.11111111,71.66666667
"138",66.11111111,37.22222222,30,46.11111111,35.55555556,46.11111111,41.11111111,73.88888889,41.11111111,62.22222222,48.33333333,31.11111111,33.88888889,47.22222222,43.88888889,61.66666667,42.77777778
"139",25,28.33333333,29.44444444,74.44444444,36.11111111,28.33333333,21.11111111,53.88888889,71.11111111,28.33333333,43.33333333,62.22222222,52.77777778,67.77777778,27.22222222,42.77777778,25.55555556
"140",28.33333333,55,33.88888889,37.77777778,55,56.66666667,37.22222222,44.44444444,71.66666667,69.44444444,41.66666667,28.88888889,31.66666667,53.88888889,40,67.77777778,64.44444444
"141",58.88888889,72.22222222,69.44444444,45.55555556,45.55555556,70.55555556,55.55555556,49.44444444,23.33333333,40,50,29.44444444,23.33333333,61.11111111,37.22222222,27.77777778,50.55555556
"142",56.66666667,56.11111111,58.88888889,35,45.55555556,25.55555556,73.88888889,50.55555556,52.22222222,40,57.77777778,65,32.22222222,73.33333333,60,58.33333333,67.22222222
"143",64.44444444,48.33333333,44.44444444,67.22222222,70,73.88888889,30,65.55555556,61.66666667,66.11111111,52.22222222,43.33333333,55,25.55555556,66.66666667,50.55555556,38.33333333
"144",66.11111111,42.77777778,73.33333333,56.11111111,75,64.44444444,65,32.22222222,58.33333333,57.22222222,26.11111111,58.88888889,72.22222222,38.88888889,57.77777778,47.77777778,38.88888889
"145",70,27.22222222,67.77777778,68.88888889,72.77777778,37.77777778,69.44444444,67.22222222,37.77777778,57.22222222,70.55555556,65,33.88888889,70.55555556,57.22222222,41.11111111,55.55555556
"146",32.77777778,56.11111111,36.66666667,66.66666667,37.22222222,70.55555556,22.77777778,42.22222222,33.88888889,60,22.77777778,73.33333333,38.88888889,35,59.44444444,51.66666667,74.44444444
"147",43.33333333,50.55555556,41.66666667,60.55555556,30,31.66666667,75,49.44444444,74.44444444,25,45,40,26.66666667,26.66666667,48.33333333,26.11111111,22.22222222
"148",43.88888889,25,73.88888889,23.33333333,34.44444444,21.11111111,42.22222222,59.44444444,27.77777778,75,74.44444444,70.55555556,66.11111111,31.66666667,72.77777778,48.33333333,24.44444444
"149",52.77777778,34.44444444,34.44444444,20,29.44444444,33.33333333,24.44444444,55.55555556,25.55555556,42.77777778,62.22222222,32.77777778,22.22222222,68.33333333,24.44444444,49.44444444,71.66666667
"150",42.22222222,64.44444444,21.11111111,44.44444444,62.77777778,60,38.33333333,25.55555556,42.22222222,46.66666667,39.44444444,43.88888889,73.33333333,36.66666667,23.88888889,21.11111111,56.11111111
"151",52.22222222,44.44444444,68.33333333,45.55555556,39.44444444,65,57.22222222,56.11111111,23.33333333,54.44444444,40,51.11111111,52.22222222,23.88888889,40.55555556,28.88888889,33.33333333
"152",30.55555556,33.88888889,28.88888889,43.33333333,72.77777778,57.77777778,66.11111111,47.77777778,54.44444444,32.22222222,72.77777778,61.11111111,60,41.66666667,23.88888889,72.77777778,57.77777778
"153",58.88888889,53.33333333,56.11111111,68.88888889,71.11111111,73.33333333,49.44444444,32.77777778,46.11111111,26.66666667,56.66666667,33.33333333,26.11111111,24.44444444,28.33333333,71.66666667,25.55555556
"154",58.33333333,65.55555556,62.22222222,58.33333333,40.55555556,31.11111111,26.66666667,46.66666667,56.11111111,58.88888889,68.33333333,29.44444444,37.77777778,52.77777778,20,39.44444444,46.11111111
"155",41.66666667,55,61.11111111,26.66666667,42.22222222,60,65.55555556,55.55555556,61.66666667,31.66666667,33.88888889,68.33333333,73.88888889,21.66666667,24.44444444,72.22222222,45.55555556
"156",34.44444444,31.66666667,43.88888889,55.55555556,48.33333333,43.88888889,71.66666667,72.77777778,42.77777778,48.33333333,22.77777778,64.44444444,70,43.33333333,43.88888889,61.11111111,41.11111111
"157",52.77777778,46.66666667,35.55555556,31.66666667,35,65,48.88888889,61.66666667,32.22222222,25,28.88888889,62.22222222,47.22222222,38.88888889,62.22222222,23.33333333,41.11111111
"158",65.55555556,50,55.55555556,64.44444444,67.77777778,27.77777778,26.66666667,46.11111111,32.22222222,63.88888889,30.55555556,52.77777778,66.66666667,67.77777778,51.66666667,58.33333333,65.55555556
"159",20,27.77777778,46.11111111,70,52.22222222,37.22222222,53.88888889,55.55555556,35,71.11111111,46.11111111,71.66666667,62.22222222,26.11111111,73.33333333,61.66666667,40.55555556
"160",31.11111111,35.55555556,25,74.44444444,53.88888889,68.33333333,39.44444444,44.44444444,33.88888889,38.88888889,31.11111111,67.22222222,41.66666667,47.22222222,33.88888889,56.66666667,55
"161",61.11111111,23.33333333,36.66666667,60,70.55555556,68.88888889,75,66.66666667,34.44444444,54.44444444,55.55555556,47.77777778,24.44444444,42.22222222,73.88888889,48.33333333,41.11111111
"162",29.44444444,39.44444444,52.22222222,21.11111111,50,20,51.11111111,67.22222222,72.77777778,44.44444444,73.33333333,67.77777778,60.55555556,23.33333333,32.22222222,41.11111111,61.66666667
"163",32.77777778,71.66666667,61.66666667,31.66666667,68.88888889,55,64.44444444,38.33333333,38.88888889,29.44444444,71.66666667,43.88888889,22.77777778,53.33333333,54.44444444,63.88888889,52.77777778
"164",42.77777778,68.88888889,26.66666667,31.11111111,48.88888889,36.11111111,51.66666667,32.77777778,26.66666667,67.22222222,39.44444444,66.66666667,66.66666667,69.44444444,45.55555556,57.77777778,31.66666667
"165",28.88888889,41.66666667,56.66666667,70,72.77777778,56.66666667,46.11111111,46.66666667,52.77777778,43.33333333,21.66666667,31.11111111,75,55.55555556,21.11111111,22.22222222,52.77777778
"166",56.11111111,28.88888889,48.88888889,48.88888889,45,52.77777778,57.22222222,55.55555556,53.33333333,66.11111111,52.77777778,36.66666667,29.44444444,74.44444444,24.44444444,36.11111111,45.55555556
"167",71.66666667,44.44444444,36.11111111,39.44444444,53.88888889,46.66666667,73.33333333,33.33333333,54.44444444,27.77777778,45,68.88888889,40.55555556,48.88888889,74.44444444,69.44444444,73.88888889
"168",23.33333333,24.44444444,50.55555556,36.11111111,39.44444444,31.66666667,44.44444444,45,62.22222222,66.66666667,58.33333333,67.77777778,47.77777778,69.44444444,65,58.88888889,68.88888889
"169",35.55555556,35.55555556,22.77777778,43.88888889,63.33333333,69.44444444,41.66666667,73.33333333,27.22222222,75,32.22222222,47.77777778,37.77777778,44.44444444,45,30.55555556,53.88888889
"170",70.55555556,63.88888889,32.22222222,36.66666667,56.66666667,52.22222222,50.55555556,58.33333333,35.55555556,53.33333333,74.44444444,42.77777778,28.88888889,28.33333333,46.66666667,30.55555556,51.11111111
"171",41.66666667,59.44444444,62.22222222,20.55555556,58.88888889,48.88888889,70.55555556,70,34.44444444,35.55555556,63.88888889,68.88888889,66.11111111,27.22222222,47.22222222,72.77777778,57.22222222
"172",67.22222222,60,73.88888889,23.33333333,45.55555556,39.44444444,63.33333333,63.88888889,64.44444444,72.77777778,70.55555556,62.22222222,37.77777778,42.77777778,63.88888889,37.22222222,46.66666667
"173",72.77777778,36.66666667,27.22222222,59.44444444,43.88888889,49.44444444,72.22222222,53.88888889,63.88888889,57.77777778,50.55555556,30,60,33.33333333,49.44444444,57.77777778,31.11111111
"174",73.88888889,37.22222222,23.88888889,21.66666667,69.44444444,58.88888889,47.77777778,28.88888889,33.88888889,37.77777778,68.88888889,48.88888889,59.44444444,51.66666667,61.11111111,40.55555556,27.22222222
"175",22.22222222,46.66666667,46.11111111,40.55555556,59.44444444,24.44444444,68.88888889,37.77777778,30,45,25.55555556,42.77777778,24.44444444,48.33333333,22.22222222,32.22222222,73.33333333
"176",47.22222222,33.88888889,25.55555556,34.44444444,72.77777778,30,42.77777778,33.33333333,66.11111111,50.55555556,51.11111111,67.22222222,46.66666667,23.88888889,30,60,25
"177",21.66666667,58.88888889,25.55555556,73.88888889,63.33333333,21.11111111,58.33333333,20.55555556,54.44444444,54.44444444,47.77777778,58.33333333,46.11111111,23.88888889,48.88888889,62.22222222,66.66666667
"178",58.33333333,59.44444444,63.88888889,47.22222222,37.22222222,26.66666667,70.55555556,20.55555556,27.22222222,37.22222222,61.11111111,57.77777778,40,72.77777778,70,68.88888889,74.44444444
"179",43.88888889,64.44444444,68.88888889,25.55555556,75,42.77777778,21.66666667,47.22222222,47.77777778,64.44444444,33.88888889,49.44444444,43.33333333,28.88888889,66.66666667,20,63.88888889
"180",67.77777778,33.33333333,56.11111111,42.77777778,41.66666667,41.66666667,74.44444444,33.33333333,21.66666667,20.55555556,48.88888889,73.33333333,75,31.11111111,56.11111111,30,62.77777778
